{
    "keep": {
        "days": false,
        "amount": 30
    },
    "auditLog": "C:\\Users\\pc\\Desktop\\project\\virtual-account\\api-server\\logs\\.23ff760ae325c8286414ba16b4cfb78146809d57-audit.json",
    "files": [
        {
            "date": 1710220872302,
            "name": "C:\\Users\\pc\\Desktop\\project\\virtual-account\\api-server\\logs\\2024-03-12.exception.log",
            "hash": "bce25856b454984bf5314bb790c971f8bcff1dfc296f3ac451e6615edb80bb0a"
        },
        {
            "date": 1710257218666,
            "name": "C:\\Users\\pc\\Desktop\\project\\virtual-account\\api-server\\logs\\2024-03-13.exception.log",
            "hash": "8b6fa0c82ff714b93a8c06c2c64433ca3e308dda17c01eec41d2f4b9cc7bd089"
        },
        {
            "date": 1710342457145,
            "name": "C:\\Users\\pc\\Desktop\\project\\virtual-account\\api-server\\logs\\2024-03-14.exception.log",
            "hash": "1715adb86ebc3456d41e52a53467751bdac4499736d9deed2976405b7b37966d"
        },
        {
            "date": 1710477338476,
            "name": "C:\\Users\\pc\\Desktop\\project\\virtual-account\\api-server\\logs\\2024-03-15.exception.log",
            "hash": "c6c5f0a4da709bb7f39e5405cdcb84359d9e0bd872656aeaf0d8dc05409535e4"
        },
        {
            "date": 1710562603880,
            "name": "C:\\Users\\pc\\Desktop\\project\\virtual-account\\api-server\\logs\\2024-03-16.exception.log",
            "hash": "a2c48e6980f83cd92cc040192812adfad9a33ec6167d5ae5a9e7959e809251de"
        },
        {
            "date": 1710833760316,
            "name": "C:\\Users\\pc\\Desktop\\project\\virtual-account\\api-server\\logs\\2024-03-19.exception.log",
            "hash": "63bfaa1b03b285e8831d59641285c34d873b648dc8e84fbdce2f3ff07ace8055"
        },
        {
            "date": 1710912105750,
            "name": "C:\\Users\\pc\\Desktop\\project\\virtual-account\\api-server\\logs\\2024-03-20.exception.log",
            "hash": "6a85a01b4bb7480270780d18e1b4326273e8608db241b2f46e5e9174f34a3ae6"
        },
        {
            "date": 1711095463537,
            "name": "C:\\Users\\pc\\Desktop\\project\\virtual-account\\api-server\\logs\\2024-03-22.exception.log",
            "hash": "cbef471c590dd79cb2e3b64edfd73ef54e0b02a6b59c9dae0c46a0c67cfdae11"
        },
        {
            "date": 1711294939068,
            "name": "C:\\Users\\pc\\Desktop\\project\\virtual-account\\api-server\\logs\\2024-03-25.exception.log",
            "hash": "523c4f75782dda19c517b45c39e02bf0ea438581996e084352821758d909a7f7"
        },
        {
            "date": 1711455407355,
            "name": "C:\\Users\\pc\\Desktop\\project\\virtual-account\\api-server\\logs\\2024-03-26.exception.log",
            "hash": "65860f0dd38e77c534ce27dcd6e4221672ec29be5272bf3cf18e8844828bf629"
        },
        {
            "date": 1711475561047,
            "name": "C:\\Users\\pc\\Desktop\\project\\virtual-account\\api-server\\logs\\2024-03-27.exception.log",
            "hash": "fd1d21e2b60d9b6d36b3e626d344734b601246dd68e2119874163c6cfd1061bf"
        },
        {
            "date": 1711610310743,
            "name": "C:\\Users\\pc\\Desktop\\project\\virtual-account\\api-server\\logs\\2024-03-28.exception.log",
            "hash": "96313d7e5a37fc049903dfb9d24ab3906122a3fcd0e20b4e1252bd8b7a7e7cff"
        },
        {
            "date": 1711641648882,
            "name": "C:\\Users\\pc\\Desktop\\project\\virtual-account\\api-server\\logs\\2024-03-29.exception.log",
            "hash": "1727504154f13c446335670c2160669497914ed12002fe387b936bcdf76bfddd"
        },
        {
            "date": 1711784599445,
            "name": "C:\\Users\\pc\\Desktop\\project\\virtual-account\\api-server\\logs\\2024-03-30.exception.log",
            "hash": "0253d6dd72a87f84a0e1ba488309fae778aa1c585a27c3ebdc77a7f3952e7593"
        },
        {
            "date": 1712078518348,
            "name": "C:\\Users\\pc\\Desktop\\project\\virtual-account\\api-server\\logs\\2024-04-03.exception.log",
            "hash": "327f9119f3bee997bc18834b550f75fbdcd25657d6c4b24761305c234e50561a"
        },
        {
            "date": 1712214603304,
            "name": "C:\\Users\\pc\\Desktop\\project\\virtual-account\\api-server\\logs\\2024-04-04.exception.log",
            "hash": "89490d19436f1c99ec5d3f5f9cee812137e6976ac5925c7928c6e3f59c7fdf66"
        },
        {
            "date": 1712299042157,
            "name": "C:\\Users\\pc\\Desktop\\project\\virtual-account\\api-server\\logs\\2024-04-05.exception.log",
            "hash": "b8e2ff1a883738e09500adba6a4a00bb78866847a6c775b63dd92c88179f4b4d"
        },
        {
            "date": 1712488168163,
            "name": "C:\\Users\\pc\\Desktop\\project\\virtual-account\\api-server\\logs\\2024-04-07.exception.log",
            "hash": "aa8a2db53563d9bdb096c4d92fde8f00dcb49aa948ef5692b6368f186ab436d7"
        },
        {
            "date": 1712650519582,
            "name": "C:\\Users\\pc\\Desktop\\project\\virtual-account\\api-server\\logs\\2024-04-09.exception.log",
            "hash": "8e232693ee63c2ce0e14834b096fca2c6f128cc1de456bf9bf53072afbc24d29"
        },
        {
            "date": 1712725094173,
            "name": "C:\\Users\\pc\\Desktop\\project\\virtual-account\\api-server\\logs\\2024-04-10.exception.log",
            "hash": "ac9930ea709c23d4a6c39bec462fcb7d037dcc316d9cb5699fc5e609bcb6e4a3"
        },
        {
            "date": 1712819475359,
            "name": "C:\\Users\\pc\\Desktop\\project\\virtual-account\\api-server\\logs\\2024-04-11.exception.log",
            "hash": "401a9d02993dc1328211ba67889ef3d0cd67cdbf5e942a6cb182eaaba09616dd"
        },
        {
            "date": 1712901994143,
            "name": "C:\\Users\\pc\\Desktop\\project\\virtual-account\\api-server\\logs\\2024-04-12.exception.log",
            "hash": "0f9df3c293afa865021581d6b031678ac87bce44908cd4d684aef98f326fa1fc"
        },
        {
            "date": 1713164785233,
            "name": "C:\\Users\\pc\\Desktop\\project\\virtual-account\\api-server\\logs\\2024-04-15.exception.log",
            "hash": "305a57798431dc9164b46eb1d70478e6c419d948b1087b4447756200b1383ee0"
        },
        {
            "date": 1713259512444,
            "name": "C:\\Users\\pc\\Desktop\\project\\virtual-account\\api-server\\logs\\2024-04-16.exception.log",
            "hash": "44b27805dbc46faa690028583b00b20a2a6476f361657416626efc5ed5d30f43"
        },
        {
            "date": 1713512020325,
            "name": "C:\\Users\\pc\\Desktop\\project\\virtual-account\\api-server\\logs\\2024-04-19.exception.log",
            "hash": "693c497c863ebfd429d432181f31571b333c7becac6a3437672940328b0e8b99"
        },
        {
            "date": 1713594699790,
            "name": "C:\\Users\\pc\\Desktop\\project\\virtual-account\\api-server\\logs\\2024-04-20.exception.log",
            "hash": "8d0e08bca313c157d143a7db3a9713f8095ebab8315922a8b16a8e8af5f95039"
        },
        {
            "date": 1714230085963,
            "name": "C:\\Users\\pc\\Desktop\\project\\virtual-account\\api-server\\logs\\2024-04-28.exception.log",
            "hash": "cdb7ad17cc10ed705a718fbab16ad902442fede1682ebd21890eef5c2e2fddcd"
        },
        {
            "date": 1714700544241,
            "name": "C:\\Users\\pc\\Desktop\\project\\virtual-account\\api-server\\logs\\2024-05-03.exception.log",
            "hash": "8c1af6a468f0661bf1b87cd2a83d4c6c542ba49cde1732a8f64d9c9bf08f90d7"
        },
        {
            "date": 1714909612283,
            "name": "C:\\Users\\pc\\Desktop\\project\\virtual-account\\api-server\\logs\\2024-05-05.exception.log",
            "hash": "ee825e62f22ca32c1eb92806be85c36553d60aeafe56442644f8aa392dad1700"
        },
        {
            "date": 1715248532566,
            "name": "C:\\Users\\pc\\Desktop\\project\\virtual-account\\api-server\\logs\\2024-05-09.exception.log",
            "hash": "5600f1ec8b0e6144be04001135e701ae511d1eff88b92abd8dcc17a2381b4350"
        }
    ],
    "hashType": "sha256"
}