{
    "keep": {
        "days": false,
        "amount": 30
    },
    "auditLog": "C:\\Users\\pc\\Desktop\\project\\virtual-account\\api-server\\logs\\.88fb86cb4304c43e7f9ffe515916bf433d19b716-audit.json",
    "files": [
        {
            "date": 1710220872284,
            "name": "C:\\Users\\pc\\Desktop\\project\\virtual-account\\api-server\\logs\\2024-03-12.log",
            "hash": "16334dc7eeab71b73a97a4809e81e76c7ee3050ed8b635113d08d75df04bf2f9"
        },
        {
            "date": 1710257218653,
            "name": "C:\\Users\\pc\\Desktop\\project\\virtual-account\\api-server\\logs\\2024-03-13.log",
            "hash": "fb18f2cce2bca96486a093b0a2d2b88d5391552be624ac2ee2a33383c6667dcb"
        },
        {
            "date": 1710342457131,
            "name": "C:\\Users\\pc\\Desktop\\project\\virtual-account\\api-server\\logs\\2024-03-14.log",
            "hash": "3a1fbccff197dd6951e5b7af6deedc5cef1e9e3f9508768cc518c92372990963"
        },
        {
            "date": 1710477338463,
            "name": "C:\\Users\\pc\\Desktop\\project\\virtual-account\\api-server\\logs\\2024-03-15.log",
            "hash": "540a0a9ffec7515bbd2e3b67931dd974497a4ce5381e6b402db4cfd2a3f90b8f"
        },
        {
            "date": 1710562603826,
            "name": "C:\\Users\\pc\\Desktop\\project\\virtual-account\\api-server\\logs\\2024-03-16.log",
            "hash": "f9b181ad8055421c6e2ac113a9411f6be8caf8029057d0de88a83c57cdee054a"
        },
        {
            "date": 1710833760304,
            "name": "C:\\Users\\pc\\Desktop\\project\\virtual-account\\api-server\\logs\\2024-03-19.log",
            "hash": "ed406ae602208250c532646e915190af0e7e08742e7a0a54db38aa374f64060b"
        },
        {
            "date": 1710912105739,
            "name": "C:\\Users\\pc\\Desktop\\project\\virtual-account\\api-server\\logs\\2024-03-20.log",
            "hash": "fb7522c6849de2a6d39535223a386a3b394a0b671dcd040f5c87e89fad5a9cc1"
        },
        {
            "date": 1711095463522,
            "name": "C:\\Users\\pc\\Desktop\\project\\virtual-account\\api-server\\logs\\2024-03-22.log",
            "hash": "f0cf4cfc19cacb1a93e5c477d5031b43c1dac77e7e5f1fab66bab9c3b12fc642"
        },
        {
            "date": 1711294939055,
            "name": "C:\\Users\\pc\\Desktop\\project\\virtual-account\\api-server\\logs\\2024-03-25.log",
            "hash": "29c7d3c25213aa430a8a0a905c6026cf52c26a2dbe057f8a55204c8a8b4b3f94"
        },
        {
            "date": 1711455407344,
            "name": "C:\\Users\\pc\\Desktop\\project\\virtual-account\\api-server\\logs\\2024-03-26.log",
            "hash": "b32e27d8629116fb35332dd223a3544e5e56f5b61be40265157f642a36d827e9"
        },
        {
            "date": 1711475561034,
            "name": "C:\\Users\\pc\\Desktop\\project\\virtual-account\\api-server\\logs\\2024-03-27.log",
            "hash": "e2f087e29a7b2be535f9a30bfb3b414060ade45b0906ffe64d141dd64660a264"
        },
        {
            "date": 1711610310734,
            "name": "C:\\Users\\pc\\Desktop\\project\\virtual-account\\api-server\\logs\\2024-03-28.log",
            "hash": "2163fcdbc00971d521e2843fb6e4892eb86c18988f4667bcb1a998cadc37b2cc"
        },
        {
            "date": 1711641648820,
            "name": "C:\\Users\\pc\\Desktop\\project\\virtual-account\\api-server\\logs\\2024-03-29.log",
            "hash": "c488a26177be88bfd4cf1a763ea958481262f5109288aff7aff3853566de9b2e"
        },
        {
            "date": 1711784599435,
            "name": "C:\\Users\\pc\\Desktop\\project\\virtual-account\\api-server\\logs\\2024-03-30.log",
            "hash": "834f610bb797be7b8713222044bbc08dd50538f70f6c29e4e5c0218e7436b643"
        },
        {
            "date": 1712078518335,
            "name": "C:\\Users\\pc\\Desktop\\project\\virtual-account\\api-server\\logs\\2024-04-03.log",
            "hash": "cfbe63150562bf256b5ab40cdbcca08aaf484c738f68b03639ee5600cd6e1dde"
        },
        {
            "date": 1712214603294,
            "name": "C:\\Users\\pc\\Desktop\\project\\virtual-account\\api-server\\logs\\2024-04-04.log",
            "hash": "1e3200c4ff5e7469b8cbb3f299d86704b64789d8f22108c936909a96a3ed109e"
        },
        {
            "date": 1712299042146,
            "name": "C:\\Users\\pc\\Desktop\\project\\virtual-account\\api-server\\logs\\2024-04-05.log",
            "hash": "0385268988640c7abfe174a76f6c6fc81341330c8358ed365aa7a17f15f05f7c"
        },
        {
            "date": 1712488168150,
            "name": "C:\\Users\\pc\\Desktop\\project\\virtual-account\\api-server\\logs\\2024-04-07.log",
            "hash": "7b19cff762e726d09f1bef3b665145edc465d53e2fdff20dd6e09fe32c16a1fe"
        },
        {
            "date": 1712650519571,
            "name": "C:\\Users\\pc\\Desktop\\project\\virtual-account\\api-server\\logs\\2024-04-09.log",
            "hash": "155973d98a30c63acf412776cd7c6f8bf0e65785c72042dc2496ed2d4696cc86"
        },
        {
            "date": 1712725094159,
            "name": "C:\\Users\\pc\\Desktop\\project\\virtual-account\\api-server\\logs\\2024-04-10.log",
            "hash": "4ad0ce3f0ebcb59c7fab371767c5b4bd20f3357fbe2e3930cf3c8fcb63869f95"
        },
        {
            "date": 1712819475345,
            "name": "C:\\Users\\pc\\Desktop\\project\\virtual-account\\api-server\\logs\\2024-04-11.log",
            "hash": "0aa015d9105ae09b333f2947ca206427b9a8f0c3441017b4cf40b49f9cb2f84b"
        },
        {
            "date": 1712901994132,
            "name": "C:\\Users\\pc\\Desktop\\project\\virtual-account\\api-server\\logs\\2024-04-12.log",
            "hash": "6a9fea45d433d6af28c07ae5597ec2f137f9b91b6e55edb3d0537034c0bc275f"
        },
        {
            "date": 1713164785226,
            "name": "C:\\Users\\pc\\Desktop\\project\\virtual-account\\api-server\\logs\\2024-04-15.log",
            "hash": "face38866445c48e52fff1d5b7b4d990787a14569b66f7dc94d3f6bdad14239a"
        },
        {
            "date": 1713259512432,
            "name": "C:\\Users\\pc\\Desktop\\project\\virtual-account\\api-server\\logs\\2024-04-16.log",
            "hash": "55688dae833173508b9bc5c3c7497923c7a9d5d0a1f0d12e94ca51549a1adb78"
        },
        {
            "date": 1713512020318,
            "name": "C:\\Users\\pc\\Desktop\\project\\virtual-account\\api-server\\logs\\2024-04-19.log",
            "hash": "5adb42db9a8fa17e378dfae4bb3f3e46f2604be63e2f330ee7d21a414b82c256"
        },
        {
            "date": 1713594699782,
            "name": "C:\\Users\\pc\\Desktop\\project\\virtual-account\\api-server\\logs\\2024-04-20.log",
            "hash": "14e1f3087a84de5678264eb79ed867bbaf382740cc47fb03a2e63ed95626e9b6"
        },
        {
            "date": 1714230085953,
            "name": "C:\\Users\\pc\\Desktop\\project\\virtual-account\\api-server\\logs\\2024-04-28.log",
            "hash": "567eb4bfb401bc2017f1b5cfcb411f5398c706e5cd41cd1c128a6c039d74c307"
        },
        {
            "date": 1714700544231,
            "name": "C:\\Users\\pc\\Desktop\\project\\virtual-account\\api-server\\logs\\2024-05-03.log",
            "hash": "7c10b24c527ef94194c5761b663a9eec0448bede73b37bb0ac6145fd5e20a524"
        },
        {
            "date": 1714909612268,
            "name": "C:\\Users\\pc\\Desktop\\project\\virtual-account\\api-server\\logs\\2024-05-05.log",
            "hash": "23912f196a7933448bec67a49344607fba020262143a8ebb9d5ce004b62804e1"
        },
        {
            "date": 1715248532556,
            "name": "C:\\Users\\pc\\Desktop\\project\\virtual-account\\api-server\\logs\\2024-05-09.log",
            "hash": "da40a38c31e8145afba05daf70abb4724b3abf09f2bae7ca1029f272edc5dfab"
        }
    ],
    "hashType": "sha256"
}