{
    "keep": {
        "days": false,
        "amount": 30
    },
    "auditLog": "C:\\Users\\pc\\Desktop\\project\\virtual-account\\api-server\\logs\\error\\.b461bc44555f84bb0fa0a0ec434278b1ba15c533-audit.json",
    "files": [
        {
            "date": 1710220872292,
            "name": "C:\\Users\\pc\\Desktop\\project\\virtual-account\\api-server\\logs\\error\\2024-03-12.error.log",
            "hash": "16b768f8dbe07a5e7df3fcc32313855eb827ba487a3bf249946128687c848381"
        },
        {
            "date": 1710257218659,
            "name": "C:\\Users\\pc\\Desktop\\project\\virtual-account\\api-server\\logs\\error\\2024-03-13.error.log",
            "hash": "044e47b9285afec9b9f28a427541d166b96676a154880bc54b033efd8643a2e1"
        },
        {
            "date": 1710342457138,
            "name": "C:\\Users\\pc\\Desktop\\project\\virtual-account\\api-server\\logs\\error\\2024-03-14.error.log",
            "hash": "57feae87261ba6a354b7d98ce8f72c2df8181e6fd3bf73725222f893d78efc5e"
        },
        {
            "date": 1710477338470,
            "name": "C:\\Users\\pc\\Desktop\\project\\virtual-account\\api-server\\logs\\error\\2024-03-15.error.log",
            "hash": "f40e2b91af84eea45e13f860643043cde4a5dfd55be65cadfea678d29518840b"
        },
        {
            "date": 1710562603855,
            "name": "C:\\Users\\pc\\Desktop\\project\\virtual-account\\api-server\\logs\\error\\2024-03-16.error.log",
            "hash": "97bca95259ee16ff52c0b77c96c185474be1a558f15630f9d750cddfe80e9f0e"
        },
        {
            "date": 1710833760312,
            "name": "C:\\Users\\pc\\Desktop\\project\\virtual-account\\api-server\\logs\\error\\2024-03-19.error.log",
            "hash": "fcc016dfb158dcc3b6ab4c1f1f7444119c1f17fb4cefa1a47518b5597e648c23"
        },
        {
            "date": 1710912105746,
            "name": "C:\\Users\\pc\\Desktop\\project\\virtual-account\\api-server\\logs\\error\\2024-03-20.error.log",
            "hash": "a7c5f52638c65553acc628a5e69ebc6a4825ac008791aea6b8fb137d29ee91a4"
        },
        {
            "date": 1711095463531,
            "name": "C:\\Users\\pc\\Desktop\\project\\virtual-account\\api-server\\logs\\error\\2024-03-22.error.log",
            "hash": "f64a4e9b5cc00bc2b6b423889888347a70089f273d442a9530789329c07cdf1d"
        },
        {
            "date": 1711294939064,
            "name": "C:\\Users\\pc\\Desktop\\project\\virtual-account\\api-server\\logs\\error\\2024-03-25.error.log",
            "hash": "0b4e7f446a12bf24c12d9c6e3efac7182bb7b16a987a919e19c31ecb0fbc5117"
        },
        {
            "date": 1711455407350,
            "name": "C:\\Users\\pc\\Desktop\\project\\virtual-account\\api-server\\logs\\error\\2024-03-26.error.log",
            "hash": "7b96330e47dc3bbcaa7ac81e6b7a0f93e16ea7e91b50ad452232e6e2f619cf53"
        },
        {
            "date": 1711475561042,
            "name": "C:\\Users\\pc\\Desktop\\project\\virtual-account\\api-server\\logs\\error\\2024-03-27.error.log",
            "hash": "96030d42b1410ed4da527d7891daff6f721fc09f2849f6c31e72fc2784942a3c"
        },
        {
            "date": 1711610310740,
            "name": "C:\\Users\\pc\\Desktop\\project\\virtual-account\\api-server\\logs\\error\\2024-03-28.error.log",
            "hash": "572b3e07243eb0c9bbc4698dfddb00e7f04f46d7af6cf5a85d5208bb57970f04"
        },
        {
            "date": 1711641648868,
            "name": "C:\\Users\\pc\\Desktop\\project\\virtual-account\\api-server\\logs\\error\\2024-03-29.error.log",
            "hash": "0877e53a731658acc4cee8eaadc54964c39ddfcbe38c48223eddd9704864d580"
        },
        {
            "date": 1711784599441,
            "name": "C:\\Users\\pc\\Desktop\\project\\virtual-account\\api-server\\logs\\error\\2024-03-30.error.log",
            "hash": "63a76f14de2c131c016f16665c4e889a1b0b64d5857a3a9f12f8b795ebea7953"
        },
        {
            "date": 1712078518343,
            "name": "C:\\Users\\pc\\Desktop\\project\\virtual-account\\api-server\\logs\\error\\2024-04-03.error.log",
            "hash": "46850ac7d43aae556b7b8efdcbf5409878bcdeadcf3b31c241e292a0bcb20756"
        },
        {
            "date": 1712214603298,
            "name": "C:\\Users\\pc\\Desktop\\project\\virtual-account\\api-server\\logs\\error\\2024-04-04.error.log",
            "hash": "75414c4237f4e87c9b2a63a439e1eebf237080bb139437583cfafb9f82ef89b0"
        },
        {
            "date": 1712299042152,
            "name": "C:\\Users\\pc\\Desktop\\project\\virtual-account\\api-server\\logs\\error\\2024-04-05.error.log",
            "hash": "8962a465473a8604ca22ad2ea4de24a7c7e472f2e127736e14f536dbfaa498c2"
        },
        {
            "date": 1712488168157,
            "name": "C:\\Users\\pc\\Desktop\\project\\virtual-account\\api-server\\logs\\error\\2024-04-07.error.log",
            "hash": "67d0b0f32b9ba7a11c2a9cf1caf84d2b88df40926bdf7045292e0d9e21d523d0"
        },
        {
            "date": 1712650519578,
            "name": "C:\\Users\\pc\\Desktop\\project\\virtual-account\\api-server\\logs\\error\\2024-04-09.error.log",
            "hash": "2b6faf911f0fc9291b26c1db1a5eb22dfe1820488dc42ab799389d9d2c07c8f6"
        },
        {
            "date": 1712725094167,
            "name": "C:\\Users\\pc\\Desktop\\project\\virtual-account\\api-server\\logs\\error\\2024-04-10.error.log",
            "hash": "fa26b7f9ee640bdddbe40f1d81be938b2aa02e09470599807abd6dd07c1b9958"
        },
        {
            "date": 1712819475352,
            "name": "C:\\Users\\pc\\Desktop\\project\\virtual-account\\api-server\\logs\\error\\2024-04-11.error.log",
            "hash": "9420afe0cfc3dc9215ebabeacd362211be525139a1c7dcbba518c9a70696624c"
        },
        {
            "date": 1712901994139,
            "name": "C:\\Users\\pc\\Desktop\\project\\virtual-account\\api-server\\logs\\error\\2024-04-12.error.log",
            "hash": "546ba593c116f2ec59cef9437fc208efede263f47428b8a9f36788d06b0af572"
        },
        {
            "date": 1713164785231,
            "name": "C:\\Users\\pc\\Desktop\\project\\virtual-account\\api-server\\logs\\error\\2024-04-15.error.log",
            "hash": "78143ddb10d2565ebfa23ea4a92dc5124138b8f8f9bddfe822ff79f32c4d71ab"
        },
        {
            "date": 1713259512438,
            "name": "C:\\Users\\pc\\Desktop\\project\\virtual-account\\api-server\\logs\\error\\2024-04-16.error.log",
            "hash": "d656fb57c89e27d4f9657c1c63c7ad31be0bf457d06b108a7c60333f78b52c8b"
        },
        {
            "date": 1713512020322,
            "name": "C:\\Users\\pc\\Desktop\\project\\virtual-account\\api-server\\logs\\error\\2024-04-19.error.log",
            "hash": "07b42b5aaefd00b1f2105dad2e61aecc56f16ebe459ddcf4afccc2c916ae9199"
        },
        {
            "date": 1713594699787,
            "name": "C:\\Users\\pc\\Desktop\\project\\virtual-account\\api-server\\logs\\error\\2024-04-20.error.log",
            "hash": "e22b712ffd05cb2ddf3bbf788ffd3d414dd1642406941bb5a30c94e003e21211"
        },
        {
            "date": 1714230085958,
            "name": "C:\\Users\\pc\\Desktop\\project\\virtual-account\\api-server\\logs\\error\\2024-04-28.error.log",
            "hash": "cd1b43f0ff21c83a65b36963a6e080ec0267218986a67fe225289a71004d1a3c"
        },
        {
            "date": 1714700544237,
            "name": "C:\\Users\\pc\\Desktop\\project\\virtual-account\\api-server\\logs\\error\\2024-05-03.error.log",
            "hash": "2b30c87a0b07425f72a17a2714693ae5bd51602087e8da3617da5c22a121dc5b"
        },
        {
            "date": 1714909612277,
            "name": "C:\\Users\\pc\\Desktop\\project\\virtual-account\\api-server\\logs\\error\\2024-05-05.error.log",
            "hash": "5c1f03a97ec11a30f7aa222d2b5414a509fcc2590bdfd52101394080e4d452f0"
        },
        {
            "date": 1715248532563,
            "name": "C:\\Users\\pc\\Desktop\\project\\virtual-account\\api-server\\logs\\error\\2024-05-09.error.log",
            "hash": "3856bf39b5e80738a107bbb810d62f30abeb8a57df96d705eba0d2f69309fb93"
        }
    ],
    "hashType": "sha256"
}